DATE,CMT2,CMT10,EINF
2010-01-01,,,2.8
2010-01-04,1.09,3.85,
2010-01-05,1.01,3.77,
2010-01-06,1.01,3.85,
2010-01-07,1.03,3.85,
2010-01-08,0.96,3.83,
2010-01-11,0.95,3.85,
2010-01-12,0.92,3.74,
2010-01-13,0.97,3.8,
2010-01-14,0.94,3.76,
2010-01-15,0.89,3.7,
2010-01-18,,,
2010-01-19,0.93,3.73,
2010-01-20,0.92,3.68,
2010-01-21,0.87,3.62,
2010-01-22,0.84,3.62,
2010-01-25,0.86,3.66,
2010-01-26,0.87,3.65,
2010-01-27,0.9,3.66,
2010-01-28,0.87,3.68,
2010-01-29,0.82,3.63,
2010-02-01,0.86,3.68,2.7
2010-02-02,0.86,3.67,
2010-02-03,0.88,3.73,
2010-02-04,0.8,3.62,
2010-02-05,0.77,3.59,
2010-02-08,0.79,3.62,
2010-02-09,0.84,3.67,
2010-02-10,0.91,3.72,
2010-02-11,0.91,3.73,
2010-02-12,0.84,3.69,
2010-02-15,,,
2010-02-16,0.82,3.66,
2010-02-17,0.87,3.74,
2010-02-18,0.9,3.79,
2010-02-19,0.95,3.78,
2010-02-22,0.91,3.8,
2010-02-23,0.87,3.69,
2010-02-24,0.87,3.7,
2010-02-25,0.82,3.64,
2010-02-26,0.81,3.61,
2010-03-01,0.8,3.61,2.7
2010-03-02,0.8,3.62,
2010-03-03,0.82,3.63,
2010-03-04,0.86,3.61,
2010-03-05,0.91,3.69,
2010-03-08,0.9,3.72,
2010-03-09,0.89,3.71,
2010-03-10,0.92,3.73,
2010-03-11,0.97,3.73,
2010-03-12,0.97,3.71,
2010-03-15,0.96,3.71,
2010-03-16,0.93,3.66,
2010-03-17,0.95,3.65,
2010-03-18,0.98,3.68,
2010-03-19,1.02,3.7,
2010-03-22,1.01,3.67,
2010-03-23,1.02,3.69,
2010-03-24,1.08,3.84,
2010-03-25,1.1,3.91,
2010-03-26,1.04,3.86,
2010-03-29,1.04,3.88,
2010-03-30,1.06,3.88,
2010-03-31,1.02,3.84,
2010-04-01,1.05,3.89,2.9
2010-04-02,1.11,3.96,
2010-04-05,1.18,4.01,
2010-04-06,1.14,3.98,
2010-04-07,1.06,3.89,
2010-04-08,1.09,3.91,
2010-04-09,1.08,3.9,
2010-04-12,1.07,3.87,
2010-04-13,1.07,3.84,
2010-04-14,1.07,3.88,
2010-04-15,1.04,3.86,
2010-04-16,0.98,3.79,
2010-04-19,1.01,3.83,
2010-04-20,1.05,3.82,
2010-04-21,1.03,3.77,
2010-04-22,1.07,3.8,
2010-04-23,1.1,3.84,
2010-04-26,1.09,3.83,
2010-04-27,1.03,3.71,
2010-04-28,1.03,3.8,
2010-04-29,1.01,3.76,
2010-04-30,0.97,3.69,
2010-05-01,,,3.2
2010-05-03,1,3.72,
2010-05-04,0.96,3.63,
2010-05-05,0.88,3.58,
2010-05-06,0.75,3.41,
2010-05-07,0.83,3.45,
2010-05-10,0.87,3.57,
2010-05-11,0.85,3.56,
2010-05-12,0.89,3.56,
2010-05-13,0.87,3.55,
2010-05-14,0.79,3.44,
2010-05-17,0.81,3.47,
2010-05-18,0.76,3.38,
2010-05-19,0.8,3.36,
2010-05-20,0.76,3.25,
2010-05-21,0.76,3.2,
2010-05-24,0.77,3.23,
2010-05-25,0.81,3.18,
2010-05-26,0.82,3.21,
2010-05-27,0.87,3.34,
2010-05-28,0.76,3.31,
2010-05-31,,,
2010-06-01,0.78,3.29,2.8
2010-06-02,0.82,3.35,
2010-06-03,0.82,3.39,
2010-06-04,0.72,3.2,
2010-06-07,0.74,3.17,
2010-06-08,0.74,3.18,
2010-06-09,0.74,3.2,
2010-06-10,0.79,3.33,
2010-06-11,0.75,3.24,
2010-06-14,0.77,3.28,
2010-06-15,0.79,3.32,
2010-06-16,0.75,3.27,
2010-06-17,0.72,3.21,
2010-06-18,0.74,3.24,
2010-06-21,0.74,3.26,
2010-06-22,0.71,3.18,
2010-06-23,0.66,3.13,
2010-06-24,0.67,3.14,
2010-06-25,0.65,3.12,
2010-06-28,0.62,3.05,
2010-06-29,0.61,2.97,
2010-06-30,0.61,2.97,
2010-07-01,0.63,2.96,2.7
2010-07-02,0.63,3,
2010-07-05,,,
2010-07-06,0.62,2.95,
2010-07-07,0.63,3,
2010-07-08,0.63,3.04,
2010-07-09,0.63,3.07,
2010-07-12,0.65,3.08,
2010-07-13,0.67,3.15,
2010-07-14,0.62,3.07,
2010-07-15,0.61,3,
2010-07-16,0.61,2.96,
2010-07-19,0.61,2.99,
2010-07-20,0.61,2.98,
2010-07-21,0.58,2.9,
2010-07-22,0.6,2.96,
2010-07-23,0.6,3.02,
2010-07-26,0.62,3.03,
2010-07-27,0.65,3.08,
2010-07-28,0.61,3.03,
2010-07-29,0.59,3.03,
2010-07-30,0.55,2.94,
2010-08-01,,,2.7
2010-08-02,0.56,2.99,
2010-08-03,0.53,2.94,
2010-08-04,0.56,2.98,
2010-08-05,0.53,2.94,
2010-08-06,0.5,2.86,
2010-08-09,0.54,2.86,
2010-08-10,0.52,2.79,
2010-08-11,0.54,2.72,
2010-08-12,0.55,2.74,
2010-08-13,0.54,2.68,
2010-08-16,0.51,2.58,
2010-08-17,0.52,2.64,
2010-08-18,0.51,2.64,
2010-08-19,0.49,2.58,
2010-08-20,0.49,2.62,
2010-08-23,0.49,2.6,
2010-08-24,0.5,2.5,
2010-08-25,0.53,2.54,
2010-08-26,0.51,2.5,
2010-08-27,0.56,2.66,
2010-08-30,0.5,2.54,
2010-08-31,0.47,2.47,
2010-09-01,0.5,2.58,2.2
2010-09-02,0.5,2.63,
2010-09-03,0.52,2.72,
2010-09-06,,,
2010-09-07,0.49,2.61,
2010-09-08,0.52,2.66,
2010-09-09,0.57,2.77,
2010-09-10,0.58,2.81,
2010-09-13,0.53,2.74,
2010-09-14,0.5,2.68,
2010-09-15,0.5,2.74,
2010-09-16,0.48,2.77,
2010-09-17,0.48,2.75,
2010-09-20,0.47,2.72,
2010-09-21,0.43,2.61,
2010-09-22,0.44,2.56,
2010-09-23,0.45,2.56,
2010-09-24,0.45,2.62,
2010-09-27,0.44,2.54,
2010-09-28,0.37,2.48,
2010-09-29,0.44,2.52,
2010-09-30,0.42,2.53,
2010-10-01,0.42,2.54,2.7
2010-10-04,0.41,2.5,
2010-10-05,0.41,2.5,
2010-10-06,0.38,2.41,
2010-10-07,0.36,2.41,
2010-10-08,0.35,2.41,
2010-10-11,,,
2010-10-12,0.37,2.44,
2010-10-13,0.37,2.46,
2010-10-14,0.38,2.52,
2010-10-15,0.37,2.59,
2010-10-18,0.38,2.52,
2010-10-19,0.37,2.5,
2010-10-20,0.35,2.51,
2010-10-21,0.37,2.57,
2010-10-22,0.35,2.59,
2010-10-25,0.37,2.59,
2010-10-26,0.4,2.67,
2010-10-27,0.4,2.75,
2010-10-28,0.37,2.69,
2010-10-29,0.34,2.63,
2010-11-01,0.34,2.66,3
2010-11-02,0.34,2.63,
2010-11-03,0.34,2.67,
2010-11-04,0.33,2.53,
2010-11-05,0.38,2.58,
2010-11-08,0.41,2.6,
2010-11-09,0.46,2.72,
2010-11-10,0.44,2.65,
2010-11-11,,,
2010-11-12,0.51,2.76,
2010-11-15,0.53,2.92,
2010-11-16,0.51,2.85,
2010-11-17,0.5,2.89,
2010-11-18,0.52,2.9,
2010-11-19,0.52,2.88,
2010-11-22,0.49,2.8,
2010-11-23,0.45,2.77,
2010-11-24,0.53,2.93,
2010-11-25,,,
2010-11-26,0.51,2.87,
2010-11-29,0.52,2.84,
2010-11-30,0.45,2.81,
2010-12-01,0.53,2.97,3
2010-12-02,0.55,3.01,
2010-12-03,0.49,3.03,
2010-12-06,0.42,2.95,
2010-12-07,0.54,3.15,
2010-12-08,0.63,3.26,
2010-12-09,0.64,3.23,
2010-12-10,0.64,3.32,
2010-12-13,0.61,3.29,
2010-12-14,0.66,3.49,
2010-12-15,0.68,3.53,
2010-12-16,0.66,3.47,
2010-12-17,0.61,3.33,
2010-12-20,0.62,3.36,
2010-12-21,0.63,3.35,
2010-12-22,0.65,3.36,
2010-12-23,0.67,3.41,
2010-12-24,,,
2010-12-27,0.71,3.36,
2010-12-28,0.75,3.5,
2010-12-29,0.64,3.35,
2010-12-30,0.66,3.38,
2010-12-31,0.61,3.3,
2011-01-01,,,3.4
2011-01-03,0.61,3.36,
2011-01-04,0.63,3.36,
2011-01-05,0.71,3.5,
2011-01-06,0.68,3.44,
2011-01-07,0.6,3.34,
2011-01-10,0.59,3.32,
2011-01-11,0.6,3.37,
2011-01-12,0.61,3.4,
2011-01-13,0.59,3.34,
2011-01-14,0.59,3.35,
2011-01-17,,,
2011-01-18,0.6,3.39,
2011-01-19,0.6,3.37,
2011-01-20,0.65,3.47,
2011-01-21,0.63,3.44,
2011-01-24,0.65,3.43,
2011-01-25,0.62,3.35,
2011-01-26,0.62,3.45,
2011-01-27,0.59,3.42,
2011-01-28,0.54,3.36,
2011-01-31,0.58,3.42,
2011-02-01,0.61,3.48,3.4
2011-02-02,0.67,3.52,
2011-02-03,0.71,3.58,
2011-02-04,0.77,3.68,
2011-02-07,0.78,3.68,
2011-02-08,0.86,3.75,
2011-02-09,0.81,3.65,
2011-02-10,0.85,3.7,
2011-02-11,0.85,3.64,
2011-02-14,0.87,3.62,
2011-02-15,0.84,3.61,
2011-02-16,0.86,3.62,
2011-02-17,0.8,3.58,
2011-02-18,0.78,3.59,
2011-02-21,,,
2011-02-22,0.74,3.46,
2011-02-23,0.74,3.49,
2011-02-24,0.73,3.46,
2011-02-25,0.72,3.42,
2011-02-28,0.69,3.42,
2011-03-01,0.66,3.41,4.6
2011-03-02,0.69,3.46,
2011-03-03,0.79,3.58,
2011-03-04,0.68,3.49,
2011-03-07,0.7,3.51,
2011-03-08,0.73,3.56,
2011-03-09,0.7,3.48,
2011-03-10,0.65,3.37,
2011-03-11,0.64,3.4,
2011-03-14,0.61,3.36,
2011-03-15,0.63,3.33,
2011-03-16,0.58,3.22,
2011-03-17,0.6,3.25,
2011-03-18,0.61,3.28,
2011-03-21,0.67,3.34,
2011-03-22,0.68,3.34,
2011-03-23,0.69,3.36,
2011-03-24,0.72,3.42,
2011-03-25,0.79,3.46,
2011-03-28,0.81,3.47,
2011-03-29,0.81,3.5,
2011-03-30,0.8,3.47,
2011-03-31,0.8,3.47,
2011-04-01,0.8,3.46,4.6
2011-04-04,0.77,3.45,
2011-04-05,0.84,3.5,
2011-04-06,0.85,3.56,
2011-04-07,0.81,3.58,
2011-04-08,0.83,3.59,
2011-04-11,0.85,3.59,
2011-04-12,0.77,3.52,
2011-04-13,0.75,3.49,
2011-04-14,0.77,3.51,
2011-04-15,0.71,3.43,
2011-04-18,0.69,3.4,
2011-04-19,0.68,3.39,
2011-04-20,0.69,3.43,
2011-04-21,0.68,3.42,
2011-04-22,,,
2011-04-25,0.67,3.39,
2011-04-26,0.65,3.34,
2011-04-27,0.65,3.39,
2011-04-28,0.62,3.34,
2011-04-29,0.61,3.32,
2011-05-01,,,4.1
2011-05-02,0.61,3.31,
2011-05-03,0.61,3.28,
2011-05-04,0.6,3.25,
2011-05-05,0.58,3.18,
2011-05-06,0.57,3.19,
2011-05-09,0.57,3.17,
2011-05-10,0.59,3.23,
2011-05-11,0.56,3.19,
2011-05-12,0.57,3.22,
2011-05-13,0.57,3.18,
2011-05-16,0.54,3.15,
2011-05-17,0.55,3.12,
2011-05-18,0.58,3.18,
2011-05-19,0.55,3.17,
2011-05-20,0.55,3.15,
2011-05-23,0.55,3.13,
2011-05-24,0.56,3.12,
2011-05-25,0.54,3.13,
2011-05-26,0.48,3.07,
2011-05-27,0.48,3.07,
2011-05-30,,,
2011-05-31,0.45,3.05,
2011-06-01,0.44,2.96,3.8
2011-06-02,0.45,3.04,
2011-06-03,0.42,2.99,
2011-06-06,0.43,3.01,
2011-06-07,0.39,3.01,
2011-06-08,0.39,2.98,
2011-06-09,0.43,3.01,
2011-06-10,0.41,2.99,
2011-06-13,0.4,3,
2011-06-14,0.45,3.11,
2011-06-15,0.38,2.98,
2011-06-16,0.38,2.93,
2011-06-17,0.38,2.94,
2011-06-20,0.38,2.97,
2011-06-21,0.4,2.99,
2011-06-22,0.39,3.01,
2011-06-23,0.35,2.93,
2011-06-24,0.35,2.88,
2011-06-27,0.41,2.95,
2011-06-28,0.48,3.05,
2011-06-29,0.47,3.14,
2011-06-30,0.45,3.18,
2011-07-01,0.5,3.22,3.4
2011-07-04,,,
2011-07-05,0.44,3.16,
2011-07-06,0.43,3.12,
2011-07-07,0.49,3.17,
2011-07-08,0.4,3.03,
2011-07-11,0.37,2.94,
2011-07-12,0.37,2.92,
2011-07-13,0.37,2.92,
2011-07-14,0.38,2.98,
2011-07-15,0.37,2.94,
2011-07-18,0.37,2.94,
2011-07-19,0.39,2.91,
2011-07-20,0.4,2.96,
2011-07-21,0.4,3.03,
2011-07-22,0.4,2.99,
2011-07-25,0.42,3.03,
2011-07-26,0.41,2.99,
2011-07-27,0.44,3.01,
2011-07-28,0.42,2.98,
2011-07-29,0.36,2.82,
2011-08-01,0.38,2.77,3.5
2011-08-02,0.33,2.66,
2011-08-03,0.33,2.64,
2011-08-04,0.27,2.47,
2011-08-05,0.28,2.58,
2011-08-08,0.27,2.4,
2011-08-09,0.19,2.2,
2011-08-10,0.19,2.17,
2011-08-11,0.19,2.34,
2011-08-12,0.2,2.24,
2011-08-15,0.19,2.29,
2011-08-16,0.2,2.23,
2011-08-17,0.19,2.17,
2011-08-18,0.2,2.08,
2011-08-19,0.2,2.07,
2011-08-22,0.22,2.1,
2011-08-23,0.22,2.15,
2011-08-24,0.23,2.29,
2011-08-25,0.22,2.23,
2011-08-26,0.2,2.19,
2011-08-29,0.2,2.28,
2011-08-30,0.2,2.19,
2011-08-31,0.2,2.23,
2011-09-01,0.19,2.15,3.3
2011-09-02,0.2,2.02,
2011-09-05,,,
2011-09-06,0.21,1.98,
2011-09-07,0.21,2.05,
2011-09-08,0.19,2,
2011-09-09,0.17,1.93,
2011-09-12,0.21,1.94,
2011-09-13,0.21,2,
2011-09-14,0.19,2.03,
2011-09-15,0.21,2.09,
2011-09-16,0.18,2.08,
2011-09-19,0.16,1.97,
2011-09-20,0.18,1.95,
2011-09-21,0.21,1.88,
2011-09-22,0.2,1.72,
2011-09-23,0.23,1.84,
2011-09-26,0.25,1.91,
2011-09-27,0.25,2,
2011-09-28,0.27,2.03,
2011-09-29,0.27,1.99,
2011-09-30,0.25,1.92,
2011-10-01,,,3.2
2011-10-03,0.24,1.8,
2011-10-04,0.25,1.81,
2011-10-05,0.25,1.92,
2011-10-06,0.29,2.01,
2011-10-07,0.3,2.1,
2011-10-10,,,
2011-10-11,0.32,2.18,
2011-10-12,0.29,2.24,
2011-10-13,0.29,2.19,
2011-10-14,0.28,2.26,
2011-10-17,0.28,2.18,
2011-10-18,0.28,2.19,
2011-10-19,0.28,2.18,
2011-10-20,0.28,2.2,
2011-10-21,0.3,2.23,
2011-10-24,0.3,2.25,
2011-10-25,0.26,2.14,
2011-10-26,0.28,2.23,
2011-10-27,0.31,2.42,
2011-10-28,0.28,2.34,
2011-10-31,0.25,2.17,
2011-11-01,0.23,2.01,3.2
2011-11-02,0.23,2.03,
2011-11-03,0.24,2.09,
2011-11-04,0.22,2.06,
2011-11-07,0.25,2.04,
2011-11-08,0.25,2.1,
2011-11-09,0.24,2,
2011-11-10,0.24,2.04,
2011-11-11,,,
2011-11-14,0.24,2.04,
2011-11-15,0.26,2.06,
2011-11-16,0.26,2.01,
2011-11-17,0.27,1.96,
2011-11-18,0.29,2.01,
2011-11-21,0.27,1.97,
2011-11-22,0.26,1.94,
2011-11-23,0.26,1.89,
2011-11-24,,,
2011-11-25,0.28,1.97,
2011-11-28,0.26,1.97,
2011-11-29,0.27,2,
2011-11-30,0.25,2.08,
2011-12-01,0.27,2.11,3.1
2011-12-02,0.25,2.05,
2011-12-05,0.27,2.04,
2011-12-06,0.25,2.08,
2011-12-07,0.24,2.02,
2011-12-08,0.22,1.99,
2011-12-09,0.22,2.07,
2011-12-12,0.24,2.03,
2011-12-13,0.24,1.96,
2011-12-14,0.25,1.92,
2011-12-15,0.26,1.92,
2011-12-16,0.24,1.86,
2011-12-19,0.24,1.82,
2011-12-20,0.26,1.94,
2011-12-21,0.28,1.98,
2011-12-22,0.28,1.97,
2011-12-23,0.28,2.03,
2011-12-26,,,
2011-12-27,0.3,2.02,
2011-12-28,0.28,1.93,
2011-12-29,0.28,1.91,
2011-12-30,0.25,1.89,
2012-01-01,,,3.3
2012-01-02,,,
2012-01-03,0.27,1.97,
2012-01-04,0.25,2,
2012-01-05,0.27,2.02,
2012-01-06,0.25,1.98,
2012-01-09,0.26,1.98,
2012-01-10,0.24,2,
2012-01-11,0.24,1.93,
2012-01-12,0.22,1.94,
2012-01-13,0.24,1.89,
2012-01-16,,,
2012-01-17,0.21,1.87,
2012-01-18,0.24,1.92,
2012-01-19,0.26,2.01,
2012-01-20,0.26,2.05,
2012-01-23,0.26,2.09,
2012-01-24,0.24,2.08,
2012-01-25,0.22,2.01,
2012-01-26,0.22,1.96,
2012-01-27,0.22,1.93,
2012-01-30,0.22,1.87,
2012-01-31,0.22,1.83,
2012-02-01,0.23,1.87,3.3
2012-02-02,0.23,1.86,
2012-02-03,0.23,1.97,
2012-02-06,0.24,1.93,
2012-02-07,0.25,2,
2012-02-08,0.27,2.01,
2012-02-09,0.27,2.04,
2012-02-10,0.27,1.96,
2012-02-13,0.29,1.99,
2012-02-14,0.29,1.92,
2012-02-15,0.29,1.93,
2012-02-16,0.29,1.99,
2012-02-17,0.29,2.01,
2012-02-20,,,
2012-02-21,0.31,2.05,
2012-02-22,0.29,2.01,
2012-02-23,0.31,1.99,
2012-02-24,0.31,1.98,
2012-02-27,0.3,1.92,
2012-02-28,0.3,1.94,
2012-02-29,0.3,1.98,
2012-03-01,0.3,2.03,3.9
2012-03-02,0.28,1.99,
2012-03-05,0.31,2,
2012-03-06,0.3,1.96,
2012-03-07,0.3,1.98,
2012-03-08,0.32,2.03,
2012-03-09,0.33,2.04,
2012-03-12,0.33,2.04,
2012-03-13,0.35,2.14,
2012-03-14,0.4,2.29,
2012-03-15,0.37,2.29,
2012-03-16,0.37,2.31,
2012-03-19,0.39,2.39,
2012-03-20,0.41,2.38,
2012-03-21,0.39,2.31,
2012-03-22,0.37,2.29,
2012-03-23,0.37,2.25,
2012-03-26,0.36,2.26,
2012-03-27,0.33,2.2,
2012-03-28,0.34,2.21,
2012-03-29,0.33,2.18,
2012-03-30,0.33,2.23,
2012-04-01,,,3.2
2012-04-02,0.33,2.22,
2012-04-03,0.36,2.3,
2012-04-04,0.35,2.25,
2012-04-05,0.35,2.19,
2012-04-06,0.32,2.07,
2012-04-09,0.32,2.06,
2012-04-10,0.28,2.01,
2012-04-11,0.3,2.05,
2012-04-12,0.29,2.08,
2012-04-13,0.27,2.02,
2012-04-16,0.27,2,
2012-04-17,0.27,2.03,
2012-04-18,0.27,2,
2012-04-19,0.27,1.98,
2012-04-20,0.29,1.99,
2012-04-23,0.27,1.96,
2012-04-24,0.27,2,
2012-04-25,0.26,2.01,
2012-04-26,0.26,1.98,
2012-04-27,0.26,1.96,
2012-04-30,0.27,1.95,
2012-05-01,0.27,1.98,3
2012-05-02,0.27,1.96,
2012-05-03,0.28,1.96,
2012-05-04,0.27,1.91,
2012-05-07,0.27,1.92,
2012-05-08,0.27,1.88,
2012-05-09,0.27,1.87,
2012-05-10,0.27,1.89,
2012-05-11,0.27,1.84,
2012-05-14,0.29,1.78,
2012-05-15,0.29,1.76,
2012-05-16,0.3,1.76,
2012-05-17,0.32,1.7,
2012-05-18,0.32,1.71,
2012-05-21,0.3,1.75,
2012-05-22,0.3,1.79,
2012-05-23,0.28,1.73,
2012-05-24,0.29,1.77,
2012-05-25,0.3,1.75,
2012-05-28,,,
2012-05-29,0.3,1.74,
2012-05-30,0.27,1.63,
2012-05-31,0.27,1.59,
2012-06-01,0.25,1.47,3.1
2012-06-04,0.25,1.53,
2012-06-05,0.25,1.57,
2012-06-06,0.26,1.66,
2012-06-07,0.27,1.66,
2012-06-08,0.28,1.65,
2012-06-11,0.27,1.6,
2012-06-12,0.3,1.67,
2012-06-13,0.3,1.61,
2012-06-14,0.3,1.64,
2012-06-15,0.29,1.6,
2012-06-18,0.29,1.59,
2012-06-19,0.3,1.64,
2012-06-20,0.32,1.65,
2012-06-21,0.32,1.63,
2012-06-22,0.31,1.69,
2012-06-25,0.31,1.63,
2012-06-26,0.31,1.66,
2012-06-27,0.31,1.65,
2012-06-28,0.31,1.6,
2012-06-29,0.33,1.67,
2012-07-01,,,3
2012-07-02,0.3,1.61,
2012-07-03,0.3,1.65,
2012-07-04,,,
2012-07-05,0.28,1.62,
2012-07-06,0.27,1.57,
2012-07-09,0.27,1.53,
2012-07-10,0.27,1.53,
2012-07-11,0.27,1.54,
2012-07-12,0.25,1.5,
2012-07-13,0.25,1.52,
2012-07-16,0.24,1.5,
2012-07-17,0.25,1.53,
2012-07-18,0.22,1.52,
2012-07-19,0.22,1.54,
2012-07-20,0.22,1.49,
2012-07-23,0.22,1.47,
2012-07-24,0.22,1.44,
2012-07-25,0.22,1.43,
2012-07-26,0.23,1.45,
2012-07-27,0.25,1.58,
2012-07-30,0.23,1.53,
2012-07-31,0.23,1.51,
2012-08-01,0.24,1.56,3.6
2012-08-02,0.24,1.51,
2012-08-03,0.24,1.6,
2012-08-06,0.24,1.59,
2012-08-07,0.27,1.66,
2012-08-08,0.29,1.68,
2012-08-09,0.29,1.69,
2012-08-10,0.27,1.65,
2012-08-13,0.27,1.65,
2012-08-14,0.27,1.73,
2012-08-15,0.27,1.8,
2012-08-16,0.29,1.83,
2012-08-17,0.29,1.81,
2012-08-20,0.29,1.82,
2012-08-21,0.31,1.8,
2012-08-22,0.26,1.71,
2012-08-23,0.26,1.68,
2012-08-24,0.28,1.68,
2012-08-27,0.28,1.65,
2012-08-28,0.27,1.64,
2012-08-29,0.27,1.66,
2012-08-30,0.27,1.63,
2012-08-31,0.22,1.57,
2012-09-01,,,3.3
2012-09-03,,,
2012-09-04,0.23,1.59,
2012-09-05,0.25,1.6,
2012-09-06,0.27,1.68,
2012-09-07,0.25,1.67,
2012-09-10,0.25,1.68,
2012-09-11,0.25,1.7,
2012-09-12,0.25,1.77,
2012-09-13,0.24,1.75,
2012-09-14,0.27,1.88,
2012-09-17,0.25,1.85,
2012-09-18,0.25,1.82,
2012-09-19,0.27,1.79,
2012-09-20,0.27,1.8,
2012-09-21,0.27,1.77,
2012-09-24,0.27,1.74,
2012-09-25,0.27,1.7,
2012-09-26,0.26,1.64,
2012-09-27,0.25,1.66,
2012-09-28,0.23,1.65,
2012-10-01,0.25,1.64,3.1
2012-10-02,0.23,1.64,
2012-10-03,0.23,1.64,
2012-10-04,0.23,1.7,
2012-10-05,0.27,1.75,
2012-10-08,,,
2012-10-09,0.25,1.74,
2012-10-10,0.27,1.72,
2012-10-11,0.28,1.7,
2012-10-12,0.27,1.69,
2012-10-15,0.27,1.7,
2012-10-16,0.27,1.75,
2012-10-17,0.3,1.83,
2012-10-18,0.29,1.86,
2012-10-19,0.3,1.79,
2012-10-22,0.32,1.83,
2012-10-23,0.29,1.79,
2012-10-24,0.29,1.8,
2012-10-25,0.31,1.86,
2012-10-26,0.3,1.78,
2012-10-29,0.3,1.74,
2012-10-30,,,
2012-10-31,0.3,1.72,
2012-11-01,0.3,1.75,3.1
2012-11-02,0.28,1.75,
2012-11-05,0.28,1.72,
2012-11-06,0.3,1.78,
2012-11-07,0.27,1.68,
2012-11-08,0.27,1.62,
2012-11-09,0.27,1.61,
2012-11-12,,,
2012-11-13,0.27,1.59,
2012-11-14,0.25,1.59,
2012-11-15,0.24,1.58,
2012-11-16,0.24,1.58,
2012-11-19,0.25,1.61,
2012-11-20,0.27,1.66,
2012-11-21,0.27,1.69,
2012-11-22,,,
2012-11-23,0.29,1.7,
2012-11-26,0.27,1.66,
2012-11-27,0.27,1.64,
2012-11-28,0.27,1.63,
2012-11-29,0.25,1.62,
2012-11-30,0.25,1.62,
2012-12-01,,,3.2
2012-12-03,0.25,1.63,
2012-12-04,0.25,1.62,
2012-12-05,0.25,1.6,
2012-12-06,0.25,1.59,
2012-12-07,0.25,1.64,
2012-12-10,0.24,1.63,
2012-12-11,0.24,1.66,
2012-12-12,0.25,1.72,
2012-12-13,0.27,1.74,
2012-12-14,0.24,1.72,
2012-12-17,0.25,1.78,
2012-12-18,0.28,1.84,
2012-12-19,0.28,1.82,
2012-12-20,0.28,1.81,
2012-12-21,0.26,1.77,
2012-12-24,0.26,1.79,
2012-12-25,,,
2012-12-26,0.26,1.77,
2012-12-27,0.26,1.74,
2012-12-28,0.27,1.73,
2012-12-31,0.25,1.78,
2013-01-01,,,3.3
2013-01-02,0.27,1.86,
2013-01-03,0.27,1.92,
2013-01-04,0.27,1.93,
2013-01-07,0.27,1.92,
2013-01-08,0.25,1.89,
2013-01-09,0.24,1.88,
2013-01-10,0.26,1.91,
2013-01-11,0.26,1.89,
2013-01-14,0.26,1.89,
2013-01-15,0.26,1.86,
2013-01-16,0.26,1.84,
2013-01-17,0.28,1.89,
2013-01-18,0.26,1.87,
2013-01-21,,,
2013-01-22,0.26,1.86,
2013-01-23,0.26,1.86,
2013-01-24,0.23,1.88,
2013-01-25,0.28,1.98,
2013-01-28,0.29,2,
2013-01-29,0.3,2.03,
2013-01-30,0.27,2.03,
2013-01-31,0.27,2.02,
2013-02-01,0.27,2.04,3.3
2013-02-04,0.25,2,
2013-02-05,0.27,2.04,
2013-02-06,0.27,2,
2013-02-07,0.25,1.99,
2013-02-08,0.25,1.99,
2013-02-11,0.27,1.99,
2013-02-12,0.29,2.02,
2013-02-13,0.29,2.05,
2013-02-14,0.27,2,
2013-02-15,0.29,2.01,
2013-02-18,,,
2013-02-19,0.29,2.03,
2013-02-20,0.27,2.02,
2013-02-21,0.26,1.99,
2013-02-22,0.27,1.97,
2013-02-25,0.25,1.88,
2013-02-26,0.25,1.88,
2013-02-27,0.27,1.91,
2013-02-28,0.25,1.89,
2013-03-01,0.25,1.86,3.2
2013-03-04,0.24,1.88,
2013-03-05,0.25,1.9,
2013-03-06,0.25,1.95,
2013-03-07,0.25,2,
2013-03-08,0.27,2.06,
2013-03-11,0.27,2.07,
2013-03-12,0.27,2.03,
2013-03-13,0.27,2.04,
2013-03-14,0.27,2.04,
2013-03-15,0.25,2.01,
2013-03-18,0.26,1.96,
2013-03-19,0.24,1.92,
2013-03-20,0.26,1.96,
2013-03-21,0.27,1.95,
2013-03-22,0.26,1.93,
2013-03-25,0.24,1.93,
2013-03-26,0.25,1.92,
2013-03-27,0.25,1.87,
2013-03-28,0.25,1.87,
2013-03-29,,,
2013-04-01,0.23,1.86,3.1
2013-04-02,0.25,1.88,
2013-04-03,0.24,1.83,
2013-04-04,0.22,1.78,
2013-04-05,0.24,1.72,
2013-04-08,0.24,1.76,
2013-04-09,0.24,1.78,
2013-04-10,0.24,1.84,
2013-04-11,0.24,1.82,
2013-04-12,0.22,1.75,
2013-04-15,0.22,1.72,
2013-04-16,0.24,1.75,
2013-04-17,0.24,1.73,
2013-04-18,0.24,1.72,
2013-04-19,0.24,1.73,
2013-04-22,0.24,1.72,
2013-04-23,0.23,1.74,
2013-04-24,0.23,1.73,
2013-04-25,0.23,1.74,
2013-04-26,0.22,1.7,
2013-04-29,0.2,1.7,
2013-04-30,0.22,1.7,
2013-05-01,0.2,1.66,3.1
2013-05-02,0.2,1.66,
2013-05-03,0.22,1.78,
2013-05-06,0.22,1.8,
2013-05-07,0.22,1.82,
2013-05-08,0.22,1.81,
2013-05-09,0.22,1.81,
2013-05-10,0.26,1.9,
2013-05-13,0.24,1.92,
2013-05-14,0.26,1.96,
2013-05-15,0.26,1.94,
2013-05-16,0.23,1.87,
2013-05-17,0.26,1.95,
2013-05-20,0.26,1.97,
2013-05-21,0.26,1.94,
2013-05-22,0.26,2.03,
2013-05-23,0.26,2.02,
2013-05-24,0.26,2.01,
2013-05-27,,,
2013-05-28,0.29,2.15,
2013-05-29,0.3,2.13,
2013-05-30,0.31,2.13,
2013-05-31,0.3,2.16,
2013-06-01,,,3
2013-06-03,0.3,2.13,
2013-06-04,0.32,2.14,
2013-06-05,0.3,2.1,
2013-06-06,0.3,2.08,
2013-06-07,0.32,2.17,
2013-06-10,0.32,2.22,
2013-06-11,0.34,2.2,
2013-06-12,0.34,2.25,
2013-06-13,0.32,2.19,
2013-06-14,0.29,2.14,
2013-06-17,0.27,2.19,
2013-06-18,0.27,2.2,
2013-06-19,0.31,2.33,
2013-06-20,0.33,2.41,
2013-06-21,0.38,2.52,
2013-06-24,0.42,2.57,
2013-06-25,0.43,2.6,
2013-06-26,0.39,2.55,
2013-06-27,0.36,2.49,
2013-06-28,0.36,2.52,
2013-07-01,0.34,2.5,3.1
2013-07-02,0.34,2.48,
2013-07-03,0.36,2.52,
2013-07-04,,,
2013-07-05,0.4,2.73,
2013-07-08,0.37,2.65,
2013-07-09,0.37,2.65,
2013-07-10,0.38,2.7,
2013-07-11,0.34,2.6,
2013-07-12,0.37,2.61,
2013-07-15,0.34,2.57,
2013-07-16,0.34,2.55,
2013-07-17,0.32,2.52,
2013-07-18,0.32,2.56,
2013-07-19,0.32,2.5,
2013-07-22,0.32,2.5,
2013-07-23,0.33,2.53,
2013-07-24,0.34,2.61,
2013-07-25,0.32,2.61,
2013-07-26,0.31,2.58,
2013-07-29,0.33,2.61,
2013-07-30,0.33,2.63,
2013-07-31,0.31,2.6,
2013-08-01,0.35,2.74,3
2013-08-02,0.3,2.63,
2013-08-05,0.32,2.67,
2013-08-06,0.32,2.67,
2013-08-07,0.32,2.61,
2013-08-08,0.3,2.58,
2013-08-09,0.32,2.57,
2013-08-12,0.32,2.61,
2013-08-13,0.34,2.71,
2013-08-14,0.34,2.71,
2013-08-15,0.36,2.77,
2013-08-16,0.36,2.84,
2013-08-19,0.36,2.88,
2013-08-20,0.36,2.82,
2013-08-21,0.38,2.87,
2013-08-22,0.42,2.9,
2013-08-23,0.4,2.82,
2013-08-26,0.41,2.79,
2013-08-27,0.38,2.72,
2013-08-28,0.4,2.78,
2013-08-29,0.39,2.75,
2013-08-30,0.39,2.78,
2013-09-01,,,3.3
2013-09-02,,,
2013-09-03,0.43,2.86,
2013-09-04,0.46,2.9,
2013-09-05,0.52,2.98,
2013-09-06,0.46,2.94,
2013-09-09,0.45,2.9,
2013-09-10,0.5,2.96,
2013-09-11,0.47,2.93,
2013-09-12,0.45,2.92,
2013-09-13,0.45,2.9,
2013-09-16,0.41,2.88,
2013-09-17,0.39,2.86,
2013-09-18,0.34,2.69,
2013-09-19,0.34,2.76,
2013-09-20,0.34,2.75,
2013-09-23,0.35,2.72,
2013-09-24,0.35,2.67,
2013-09-25,0.36,2.63,
2013-09-26,0.34,2.66,
2013-09-27,0.34,2.64,
2013-09-30,0.33,2.64,
2013-10-01,0.33,2.66,3
2013-10-02,0.31,2.63,
2013-10-03,0.33,2.62,
2013-10-04,0.33,2.66,
2013-10-07,0.37,2.65,
2013-10-08,0.4,2.66,
2013-10-09,0.37,2.68,
2013-10-10,0.35,2.71,
2013-10-11,0.35,2.7,
2013-10-14,,,
2013-10-15,0.37,2.75,
2013-10-16,0.34,2.69,
2013-10-17,0.33,2.61,
2013-10-18,0.33,2.6,
2013-10-21,0.33,2.63,
2013-10-22,0.31,2.54,
2013-10-23,0.31,2.51,
2013-10-24,0.33,2.53,
2013-10-25,0.32,2.53,
2013-10-28,0.32,2.54,
2013-10-29,0.31,2.53,
2013-10-30,0.33,2.55,
2013-10-31,0.31,2.57,
2013-11-01,0.33,2.65,2.9
2013-11-04,0.32,2.63,
2013-11-05,0.32,2.69,
2013-11-06,0.3,2.67,
2013-11-07,0.29,2.63,
2013-11-08,0.32,2.77,
2013-11-11,,,
2013-11-12,0.34,2.8,
2013-11-13,0.32,2.75,
2013-11-14,0.29,2.69,
2013-11-15,0.31,2.71,
2013-11-18,0.31,2.67,
2013-11-19,0.29,2.71,
2013-11-20,0.28,2.8,
2013-11-21,0.29,2.79,
2013-11-22,0.31,2.75,
2013-11-25,0.3,2.74,
2013-11-26,0.29,2.71,
2013-11-27,0.28,2.74,
2013-11-28,,,
2013-11-29,0.28,2.75,
2013-12-01,,,3
2013-12-02,0.3,2.81,
2013-12-03,0.28,2.79,
2013-12-04,0.3,2.84,
2013-12-05,0.3,2.88,
2013-12-06,0.3,2.88,
2013-12-09,0.3,2.86,
2013-12-10,0.3,2.81,
2013-12-11,0.31,2.86,
2013-12-12,0.34,2.89,
2013-12-13,0.34,2.88,
2013-12-16,0.34,2.89,
2013-12-17,0.34,2.85,
2013-12-18,0.32,2.89,
2013-12-19,0.35,2.94,
2013-12-20,0.37,2.89,
2013-12-23,0.38,2.94,
2013-12-24,0.38,2.99,
2013-12-25,,,
2013-12-26,0.42,3,
2013-12-27,0.4,3.02,
2013-12-30,0.39,2.99,
2013-12-31,0.38,3.04,
2014-01-01,,,3.1
2014-01-02,0.39,3,
2014-01-03,0.41,3.01,
2014-01-06,0.4,2.98,
2014-01-07,0.4,2.96,
2014-01-08,0.43,3.01,
2014-01-09,0.44,2.97,
2014-01-10,0.39,2.88,
2014-01-13,0.39,2.84,
2014-01-14,0.39,2.88,
2014-01-15,0.41,2.9,
2014-01-16,0.41,2.86,
2014-01-17,0.4,2.84,
2014-01-20,,,
2014-01-21,0.4,2.85,
2014-01-22,0.44,2.87,
2014-01-23,0.39,2.79,
2014-01-24,0.37,2.75,
2014-01-27,0.37,2.78,
2014-01-28,0.38,2.77,
2014-01-29,0.36,2.69,
2014-01-30,0.36,2.72,
2014-01-31,0.34,2.67,
2014-02-01,,,3.2
2014-02-03,0.3,2.61,
2014-02-04,0.31,2.64,
2014-02-05,0.32,2.7,
2014-02-06,0.33,2.73,
2014-02-07,0.3,2.71,
2014-02-10,0.32,2.7,
2014-02-11,0.35,2.75,
2014-02-12,0.35,2.8,
2014-02-13,0.32,2.73,
2014-02-14,0.32,2.75,
2014-02-17,,,
2014-02-18,0.31,2.71,
2014-02-19,0.33,2.73,
2014-02-20,0.34,2.76,
2014-02-21,0.33,2.73,
2014-02-24,0.35,2.75,
2014-02-25,0.34,2.7,
2014-02-26,0.33,2.67,
2014-02-27,0.33,2.65,
2014-02-28,0.33,2.66,
2014-03-01,,,3.2
2014-03-03,0.32,2.6,
2014-03-04,0.33,2.7,
2014-03-05,0.33,2.7,
2014-03-06,0.37,2.74,
2014-03-07,0.38,2.8,
2014-03-10,0.37,2.79,
2014-03-11,0.37,2.77,
2014-03-12,0.37,2.73,
2014-03-13,0.34,2.66,
2014-03-14,0.36,2.65,
2014-03-17,0.38,2.7,
2014-03-18,0.36,2.68,
2014-03-19,0.47,2.78,
2014-03-20,0.45,2.79,
2014-03-21,0.45,2.75,
2014-03-24,0.47,2.74,
2014-03-25,0.47,2.75,
2014-03-26,0.45,2.71,
2014-03-27,0.45,2.69,
2014-03-28,0.45,2.73,
2014-03-31,0.44,2.73,
2014-04-01,0.44,2.77,3.2
2014-04-02,0.47,2.82,
2014-04-03,0.46,2.8,
2014-04-04,0.43,2.74,
2014-04-07,0.41,2.71,
2014-04-08,0.4,2.69,
2014-04-09,0.37,2.71,
2014-04-10,0.37,2.65,
2014-04-11,0.37,2.63,
2014-04-14,0.37,2.65,
2014-04-15,0.39,2.64,
2014-04-16,0.39,2.65,
2014-04-17,0.43,2.73,
2014-04-18,,,
2014-04-21,0.42,2.73,
2014-04-22,0.45,2.73,
2014-04-23,0.43,2.7,
2014-04-24,0.43,2.7,
2014-04-25,0.43,2.68,
2014-04-28,0.44,2.7,
2014-04-29,0.44,2.71,
2014-04-30,0.42,2.67,
2014-05-01,0.41,2.63,3.3
2014-05-02,0.42,2.6,
2014-05-05,0.43,2.63,
2014-05-06,0.43,2.61,
2014-05-07,0.41,2.62,
2014-05-08,0.4,2.61,
2014-05-09,0.4,2.62,
2014-05-12,0.41,2.66,
2014-05-13,0.39,2.61,
2014-05-14,0.39,2.54,
2014-05-15,0.38,2.5,
2014-05-16,0.38,2.52,
2014-05-19,0.36,2.54,
2014-05-20,0.35,2.52,
2014-05-21,0.37,2.54,
2014-05-22,0.37,2.56,
2014-05-23,0.37,2.54,
2014-05-26,,,
2014-05-27,0.39,2.52,
2014-05-28,0.37,2.44,
2014-05-29,0.37,2.45,
2014-05-30,0.37,2.48,
2014-06-01,,,3.1
2014-06-02,0.39,2.54,
2014-06-03,0.41,2.6,
2014-06-04,0.41,2.61,
2014-06-05,0.4,2.59,
2014-06-06,0.41,2.6,
2014-06-09,0.43,2.62,
2014-06-10,0.45,2.64,
2014-06-11,0.44,2.65,
2014-06-12,0.42,2.58,
2014-06-13,0.45,2.6,
2014-06-16,0.49,2.61,
2014-06-17,0.51,2.66,
2014-06-18,0.48,2.61,
2014-06-19,0.48,2.64,
2014-06-20,0.5,2.63,
2014-06-23,0.48,2.63,
2014-06-24,0.49,2.59,
2014-06-25,0.48,2.57,
2014-06-26,0.46,2.53,
2014-06-27,0.45,2.54,
2014-06-30,0.47,2.53,
2014-07-01,0.47,2.58,3.3
2014-07-02,0.49,2.64,
2014-07-03,0.52,2.65,
2014-07-04,,,
2014-07-07,0.52,2.63,
2014-07-08,0.51,2.58,
2014-07-09,0.51,2.57,
2014-07-10,0.46,2.55,
2014-07-11,0.48,2.53,
2014-07-14,0.48,2.55,
2014-07-15,0.49,2.56,
2014-07-16,0.5,2.55,
2014-07-17,0.47,2.47,
2014-07-18,0.51,2.5,
2014-07-21,0.51,2.49,
2014-07-22,0.49,2.48,
2014-07-23,0.5,2.48,
2014-07-24,0.53,2.52,
2014-07-25,0.53,2.48,
2014-07-28,0.54,2.5,
2014-07-29,0.54,2.47,
2014-07-30,0.56,2.57,
2014-07-31,0.53,2.58,
2014-08-01,0.47,2.52,3.2
2014-08-04,0.47,2.51,
2014-08-05,0.47,2.49,
2014-08-06,0.48,2.49,
2014-08-07,0.44,2.43,
2014-08-08,0.45,2.44,
2014-08-11,0.47,2.44,
2014-08-12,0.45,2.46,
2014-08-13,0.43,2.43,
2014-08-14,0.42,2.4,
2014-08-15,0.42,2.34,
2014-08-18,0.44,2.39,
2014-08-19,0.46,2.4,
2014-08-20,0.49,2.43,
2014-08-21,0.49,2.41,
2014-08-22,0.53,2.4,
2014-08-25,0.53,2.39,
2014-08-26,0.52,2.39,
2014-08-27,0.51,2.37,
2014-08-28,0.5,2.34,
2014-08-29,0.48,2.35,
2014-09-01,,,3
2014-09-02,0.53,2.42,
2014-09-03,0.52,2.41,
2014-09-04,0.54,2.45,
2014-09-05,0.52,2.46,
2014-09-08,0.54,2.48,
2014-09-09,0.56,2.5,
2014-09-10,0.58,2.54,
2014-09-11,0.58,2.54,
2014-09-12,0.58,2.62,
2014-09-15,0.58,2.6,
2014-09-16,0.55,2.6,
2014-09-17,0.59,2.62,
2014-09-18,0.59,2.63,
2014-09-19,0.59,2.59,
2014-09-22,0.58,2.57,
2014-09-23,0.57,2.54,
2014-09-24,0.59,2.57,
2014-09-25,0.56,2.52,
2014-09-26,0.59,2.54,
2014-09-29,0.58,2.5,
2014-09-30,0.58,2.52,
2014-10-01,0.53,2.42,2.9
2014-10-02,0.53,2.44,
2014-10-03,0.57,2.45,
2014-10-06,0.54,2.43,
2014-10-07,0.52,2.36,
2014-10-08,0.46,2.35,
2014-10-09,0.46,2.34,
2014-10-10,0.45,2.31,
2014-10-13,,,
2014-10-14,0.39,2.21,
2014-10-15,0.34,2.15,
2014-10-16,0.35,2.17,
2014-10-17,0.39,2.22,
2014-10-20,0.37,2.2,
2014-10-21,0.38,2.23,
2014-10-22,0.41,2.25,
2014-10-23,0.41,2.29,
2014-10-24,0.41,2.29,
2014-10-27,0.41,2.27,
2014-10-28,0.42,2.3,
2014-10-29,0.48,2.34,
2014-10-30,0.48,2.32,
2014-10-31,0.5,2.35,
2014-11-01,,,2.8
2014-11-03,0.52,2.36,
2014-11-04,0.52,2.35,
2014-11-05,0.52,2.36,
2014-11-06,0.54,2.39,
2014-11-07,0.51,2.32,
2014-11-10,0.55,2.38,
2014-11-11,,,
2014-11-12,0.55,2.37,
2014-11-13,0.53,2.35,
2014-11-14,0.54,2.32,
2014-11-17,0.54,2.34,
2014-11-18,0.53,2.32,
2014-11-19,0.54,2.36,
2014-11-20,0.53,2.34,
2014-11-21,0.53,2.31,
2014-11-24,0.53,2.3,
2014-11-25,0.51,2.27,
2014-11-26,0.53,2.24,
2014-11-27,,,
2014-11-28,0.47,2.18,
2014-12-01,0.49,2.22,2.8
2014-12-02,0.55,2.28,
2014-12-03,0.57,2.29,
2014-12-04,0.55,2.25,
2014-12-05,0.65,2.31,
2014-12-08,0.64,2.26,
2014-12-09,0.64,2.22,
2014-12-10,0.59,2.18,
2014-12-11,0.62,2.19,
2014-12-12,0.56,2.1,
2014-12-15,0.6,2.12,
2014-12-16,0.58,2.07,
2014-12-17,0.62,2.14,
2014-12-18,0.67,2.22,
2014-12-19,0.67,2.17,
2014-12-22,0.71,2.17,
2014-12-23,0.73,2.26,
2014-12-24,0.73,2.27,
2014-12-25,,,
2014-12-26,0.73,2.25,
2014-12-29,0.72,2.22,
2014-12-30,0.69,2.2,
2014-12-31,0.67,2.17,
2015-01-01,,,2.5
2015-01-02,0.66,2.12,
2015-01-05,0.68,2.04,
2015-01-06,0.65,1.97,
2015-01-07,0.62,1.96,
2015-01-08,0.62,2.03,
2015-01-09,0.59,1.98,
2015-01-12,0.56,1.92,
2015-01-13,0.54,1.91,
2015-01-14,0.51,1.86,
2015-01-15,0.44,1.77,
2015-01-16,0.49,1.83,
2015-01-19,,,
2015-01-20,0.53,1.82,
2015-01-21,0.53,1.87,
2015-01-22,0.53,1.9,
2015-01-23,0.52,1.81,
2015-01-26,0.54,1.83,
2015-01-27,0.54,1.83,
2015-01-28,0.5,1.73,
2015-01-29,0.51,1.77,
2015-01-30,0.47,1.68,
2015-02-01,,,2.8
2015-02-02,0.49,1.68,
2015-02-03,0.52,1.79,
2015-02-04,0.52,1.81,
2015-02-05,0.52,1.83,
2015-02-06,0.65,1.95,
2015-02-09,0.65,1.96,
2015-02-10,0.67,2.01,
2015-02-11,0.67,2,
2015-02-12,0.61,1.99,
2015-02-13,0.66,2.02,
2015-02-16,,,
2015-02-17,0.7,2.14,
2015-02-18,0.62,2.07,
2015-02-19,0.67,2.11,
2015-02-20,0.67,2.13,
2015-02-23,0.64,2.06,
2015-02-24,0.6,1.99,
2015-02-25,0.61,1.96,
2015-02-26,0.66,2.03,
2015-02-27,0.63,2,
2015-03-01,,,3
2015-03-02,0.66,2.08,
2015-03-03,0.68,2.12,
2015-03-04,0.66,2.12,
2015-03-05,0.65,2.11,
2015-03-06,0.73,2.24,
2015-03-09,0.7,2.2,
2015-03-10,0.7,2.14,
2015-03-11,0.7,2.11,
2015-03-12,0.67,2.1,
2015-03-13,0.68,2.13,
2015-03-16,0.66,2.1,
2015-03-17,0.7,2.06,
2015-03-18,0.57,1.93,
2015-03-19,0.63,1.98,
2015-03-20,0.6,1.93,
2015-03-23,0.6,1.92,
2015-03-24,0.58,1.88,
2015-03-25,0.59,1.93,
2015-03-26,0.61,2.01,
2015-03-27,0.58,1.95,
2015-03-30,0.58,1.96,
2015-03-31,0.56,1.94,
2015-04-01,0.55,1.87,2.6
2015-04-02,0.55,1.92,
2015-04-03,0.49,1.85,
2015-04-06,0.51,1.92,
2015-04-07,0.52,1.89,
2015-04-08,0.54,1.92,
2015-04-09,0.56,1.97,
2015-04-10,0.57,1.96,
2015-04-13,0.54,1.94,
2015-04-14,0.53,1.9,
2015-04-15,0.51,1.91,
2015-04-16,0.5,1.9,
2015-04-17,0.51,1.87,
2015-04-20,0.55,1.9,
2015-04-21,0.55,1.92,
2015-04-22,0.57,1.99,
2015-04-23,0.55,1.96,
2015-04-24,0.54,1.93,
2015-04-27,0.54,1.94,
2015-04-28,0.56,2,
2015-04-29,0.56,2.06,
2015-04-30,0.58,2.05,
2015-05-01,0.6,2.12,2.8
2015-05-04,0.6,2.16,
2015-05-05,0.62,2.19,
2015-05-06,0.65,2.25,
2015-05-07,0.63,2.18,
2015-05-08,0.59,2.16,
2015-05-11,0.62,2.28,
2015-05-12,0.61,2.28,
2015-05-13,0.59,2.27,
2015-05-14,0.56,2.23,
2015-05-15,0.55,2.14,
2015-05-18,0.58,2.23,
2015-05-19,0.63,2.27,
2015-05-20,0.6,2.26,
2015-05-21,0.6,2.19,
2015-05-22,0.64,2.21,
2015-05-25,,,
2015-05-26,0.64,2.14,
2015-05-27,0.64,2.14,
2015-05-28,0.62,2.13,
2015-05-29,0.61,2.12,
2015-06-01,0.64,2.19,2.7
2015-06-02,0.64,2.27,
2015-06-03,0.69,2.38,
2015-06-04,0.66,2.31,
2015-06-05,0.73,2.41,
2015-06-08,0.7,2.39,
2015-06-09,0.72,2.42,
2015-06-10,0.75,2.5,
2015-06-11,0.73,2.39,
2015-06-12,0.74,2.39,
2015-06-15,0.72,2.36,
2015-06-16,0.71,2.32,
2015-06-17,0.67,2.32,
2015-06-18,0.66,2.35,
2015-06-19,0.65,2.26,
2015-06-22,0.68,2.37,
2015-06-23,0.7,2.42,
2015-06-24,0.68,2.38,
2015-06-25,0.68,2.4,
2015-06-26,0.72,2.49,
2015-06-29,0.64,2.33,
2015-06-30,0.64,2.35,
2015-07-01,0.69,2.43,2.8
2015-07-02,0.64,2.4,
2015-07-03,,,
2015-07-06,0.6,2.3,
2015-07-07,0.58,2.27,
2015-07-08,0.55,2.22,
2015-07-09,0.6,2.32,
2015-07-10,0.65,2.42,
2015-07-13,0.69,2.44,
2015-07-14,0.66,2.41,
2015-07-15,0.64,2.36,
2015-07-16,0.67,2.36,
2015-07-17,0.68,2.34,
2015-07-20,0.71,2.38,
2015-07-21,0.71,2.35,
2015-07-22,0.75,2.33,
2015-07-23,0.71,2.28,
2015-07-24,0.7,2.27,
2015-07-27,0.68,2.23,
2015-07-28,0.69,2.26,
2015-07-29,0.7,2.29,
2015-07-30,0.72,2.28,
2015-07-31,0.67,2.2,
2015-08-01,,,2.8
2015-08-03,0.68,2.16,
2015-08-04,0.74,2.23,
2015-08-05,0.73,2.28,
2015-08-06,0.71,2.23,
2015-08-07,0.73,2.18,
2015-08-10,0.73,2.24,
2015-08-11,0.68,2.15,
2015-08-12,0.67,2.14,
2015-08-13,0.72,2.19,
2015-08-14,0.73,2.2,
2015-08-17,0.72,2.16,
2015-08-18,0.74,2.2,
2015-08-19,0.67,2.12,
2015-08-20,0.69,2.09,
2015-08-21,0.64,2.05,
2015-08-24,0.59,2.01,
2015-08-25,0.67,2.12,
2015-08-26,0.67,2.18,
2015-08-27,0.68,2.18,
2015-08-28,0.72,2.19,
2015-08-31,0.74,2.21,
2015-09-01,0.7,2.17,2.8
2015-09-02,0.72,2.2,
2015-09-03,0.71,2.18,
2015-09-04,0.71,2.13,
2015-09-07,,,
2015-09-08,0.74,2.2,
2015-09-09,0.75,2.21,
2015-09-10,0.75,2.23,
2015-09-11,0.71,2.2,
2015-09-14,0.73,2.18,
2015-09-15,0.82,2.28,
2015-09-16,0.82,2.3,
2015-09-17,0.7,2.21,
2015-09-18,0.69,2.13,
2015-09-21,0.72,2.2,
2015-09-22,0.69,2.14,
2015-09-23,0.7,2.16,
2015-09-24,0.67,2.13,
2015-09-25,0.7,2.17,
2015-09-28,0.67,2.1,
2015-09-29,0.64,2.05,
2015-09-30,0.64,2.06,
2015-10-01,0.64,2.05,2.7
2015-10-02,0.58,1.99,
2015-10-05,0.61,2.07,
2015-10-06,0.61,2.05,
2015-10-07,0.65,2.08,
2015-10-08,0.65,2.12,
2015-10-09,0.65,2.12,
2015-10-12,,,
2015-10-13,0.64,2.06,
2015-10-14,0.57,1.99,
2015-10-15,0.61,2.04,
2015-10-16,0.61,2.04,
2015-10-19,0.61,2.04,
2015-10-20,0.66,2.08,
2015-10-21,0.64,2.04,
2015-10-22,0.61,2.04,
2015-10-23,0.66,2.09,
2015-10-26,0.66,2.07,
2015-10-27,0.65,2.05,
2015-10-28,0.73,2.1,
2015-10-29,0.75,2.19,
2015-10-30,0.75,2.16,
2015-11-01,,,2.7
2015-11-02,0.77,2.2,
2015-11-03,0.8,2.23,
2015-11-04,0.84,2.25,
2015-11-05,0.85,2.26,
2015-11-06,0.9,2.34,
2015-11-09,0.89,2.36,
2015-11-10,0.87,2.32,
2015-11-11,,,
2015-11-12,0.89,2.32,
2015-11-13,0.86,2.28,
2015-11-16,0.88,2.27,
2015-11-17,0.86,2.25,
2015-11-18,0.9,2.27,
2015-11-19,0.91,2.24,
2015-11-20,0.93,2.26,
2015-11-23,0.94,2.25,
2015-11-24,0.93,2.24,
2015-11-25,0.93,2.23,
2015-11-26,,,
2015-11-27,0.92,2.22,
2015-11-30,0.94,2.21,
2015-12-01,0.91,2.15,2.6
2015-12-02,0.94,2.18,
2015-12-03,0.96,2.33,
2015-12-04,0.96,2.28,
2015-12-07,0.94,2.23,
2015-12-08,0.94,2.24,
2015-12-09,0.93,2.22,
2015-12-10,0.95,2.24,
2015-12-11,0.88,2.13,
2015-12-14,0.97,2.23,
2015-12-15,0.98,2.28,
2015-12-16,1.02,2.3,
2015-12-17,1,2.24,
2015-12-18,0.97,2.19,
2015-12-21,0.96,2.2,
2015-12-22,0.99,2.24,
2015-12-23,1.01,2.27,
2015-12-24,1.03,2.25,
2015-12-25,,,
2015-12-28,1.05,2.24,
2015-12-29,1.09,2.32,
2015-12-30,1.08,2.31,
2015-12-31,1.06,2.27,
2016-01-01,,,2.5
2016-01-04,1.02,2.24,
2016-01-05,1.04,2.25,
2016-01-06,0.99,2.18,
2016-01-07,0.96,2.16,
2016-01-08,0.94,2.13,
2016-01-11,0.94,2.17,
2016-01-12,0.93,2.12,
2016-01-13,0.91,2.08,
2016-01-14,0.9,2.1,
2016-01-15,0.85,2.03,
2016-01-18,,,
2016-01-19,0.88,2.06,
2016-01-20,0.85,2.01,
2016-01-21,0.84,2.02,
2016-01-22,0.88,2.07,
2016-01-25,0.88,2.03,
2016-01-26,0.85,2.01,
2016-01-27,0.84,2.02,
2016-01-28,0.83,2,
2016-01-29,0.76,1.94,
2016-02-01,0.81,1.97,2.5
2016-02-02,0.75,1.87,
2016-02-03,0.72,1.88,
2016-02-04,0.7,1.87,
2016-02-05,0.74,1.86,
2016-02-08,0.66,1.75,
2016-02-09,0.69,1.74,
2016-02-10,0.71,1.71,
2016-02-11,0.64,1.63,
2016-02-12,0.71,1.74,
2016-02-15,,,
2016-02-16,0.74,1.78,
2016-02-17,0.74,1.81,
2016-02-18,0.71,1.75,
2016-02-19,0.76,1.76,
2016-02-22,0.78,1.77,
2016-02-23,0.76,1.74,
2016-02-24,0.75,1.75,
2016-02-25,0.72,1.71,
2016-02-26,0.8,1.76,
2016-02-29,0.78,1.74,
2016-03-01,0.85,1.83,2.7
2016-03-02,0.85,1.84,
2016-03-03,0.85,1.83,
2016-03-04,0.88,1.88,
2016-03-07,0.91,1.91,
2016-03-08,0.88,1.83,
2016-03-09,0.9,1.9,
2016-03-10,0.93,1.93,
2016-03-11,0.97,1.98,
2016-03-14,0.97,1.97,
2016-03-15,0.98,1.97,
2016-03-16,0.87,1.94,
2016-03-17,0.87,1.91,
2016-03-18,0.84,1.88,
2016-03-21,0.87,1.92,
2016-03-22,0.91,1.94,
2016-03-23,0.87,1.88,
2016-03-24,0.89,1.91,
2016-03-25,,,
2016-03-28,0.89,1.89,
2016-03-29,0.78,1.81,
2016-03-30,0.76,1.83,
2016-03-31,0.73,1.78,
2016-04-01,0.76,1.79,2.8
2016-04-04,0.75,1.78,
2016-04-05,0.72,1.73,
2016-04-06,0.73,1.76,
2016-04-07,0.7,1.7,
2016-04-08,0.7,1.72,
2016-04-11,0.7,1.73,
2016-04-12,0.74,1.79,
2016-04-13,0.75,1.77,
2016-04-14,0.77,1.8,
2016-04-15,0.74,1.76,
2016-04-18,0.75,1.78,
2016-04-19,0.77,1.79,
2016-04-20,0.8,1.85,
2016-04-21,0.82,1.88,
2016-04-22,0.84,1.89,
2016-04-25,0.85,1.91,
2016-04-26,0.86,1.94,
2016-04-27,0.83,1.87,
2016-04-28,0.78,1.84,
2016-04-29,0.77,1.83,
2016-05-01,,,2.4
2016-05-02,0.8,1.88,
2016-05-03,0.75,1.81,
2016-05-04,0.75,1.79,
2016-05-05,0.72,1.76,
2016-05-06,0.74,1.79,
2016-05-09,0.72,1.77,
2016-05-10,0.72,1.77,
2016-05-11,0.74,1.73,
2016-05-12,0.76,1.75,
2016-05-13,0.76,1.71,
2016-05-16,0.79,1.75,
2016-05-17,0.82,1.76,
2016-05-18,0.9,1.87,
2016-05-19,0.89,1.85,
2016-05-20,0.89,1.85,
2016-05-23,0.91,1.84,
2016-05-24,0.92,1.86,
2016-05-25,0.92,1.87,
2016-05-26,0.87,1.83,
2016-05-27,0.9,1.85,
2016-05-30,,,
2016-05-31,0.87,1.84,
2016-06-01,0.91,1.85,2.6
2016-06-02,0.89,1.81,
2016-06-03,0.78,1.71,
2016-06-06,0.8,1.73,
2016-06-07,0.78,1.72,
2016-06-08,0.78,1.71,
2016-06-09,0.77,1.68,
2016-06-10,0.73,1.64,
2016-06-13,0.73,1.62,
2016-06-14,0.74,1.62,
2016-06-15,0.69,1.6,
2016-06-16,0.7,1.57,
2016-06-17,0.7,1.62,
2016-06-20,0.74,1.67,
2016-06-21,0.76,1.71,
2016-06-22,0.75,1.69,
2016-06-23,0.78,1.74,
2016-06-24,0.64,1.57,
2016-06-27,0.61,1.46,
2016-06-28,0.61,1.46,
2016-06-29,0.62,1.5,
2016-06-30,0.58,1.49,
2016-07-01,0.59,1.46,2.7
2016-07-04,,,
2016-07-05,0.56,1.37,
2016-07-06,0.58,1.38,
2016-07-07,0.58,1.4,
2016-07-08,0.61,1.37,
2016-07-11,0.66,1.43,
2016-07-12,0.69,1.53,
2016-07-13,0.68,1.48,
2016-07-14,0.68,1.53,
2016-07-15,0.71,1.6,
2016-07-18,0.68,1.59,
2016-07-19,0.7,1.56,
2016-07-20,0.73,1.59,
2016-07-21,0.7,1.57,
2016-07-22,0.71,1.57,
2016-07-25,0.72,1.58,
2016-07-26,0.75,1.57,
2016-07-27,0.73,1.52,
2016-07-28,0.72,1.52,
2016-07-29,0.67,1.46,
2016-08-01,0.67,1.51,2.5
2016-08-02,0.67,1.55,
2016-08-03,0.67,1.55,
2016-08-04,0.64,1.51,
2016-08-05,0.72,1.59,
2016-08-08,0.74,1.59,
2016-08-09,0.71,1.55,
2016-08-10,0.69,1.5,
2016-08-11,0.76,1.57,
2016-08-12,0.71,1.51,
2016-08-15,0.72,1.55,
2016-08-16,0.76,1.57,
2016-08-17,0.74,1.56,
2016-08-18,0.71,1.53,
2016-08-19,0.76,1.58,
2016-08-22,0.76,1.55,
2016-08-23,0.74,1.55,
2016-08-24,0.76,1.56,
2016-08-25,0.78,1.58,
2016-08-26,0.84,1.62,
2016-08-29,0.81,1.57,
2016-08-30,0.8,1.57,
2016-08-31,0.8,1.58,
2016-09-01,0.78,1.57,2.4
2016-09-02,0.8,1.6,
2016-09-05,,,
2016-09-06,0.74,1.55,
2016-09-07,0.74,1.54,
2016-09-08,0.78,1.61,
2016-09-09,0.79,1.67,
2016-09-12,0.79,1.68,
2016-09-13,0.8,1.73,
2016-09-14,0.77,1.7,
2016-09-15,0.74,1.71,
2016-09-16,0.77,1.7,
2016-09-19,0.79,1.7,
2016-09-20,0.79,1.69,
2016-09-21,0.79,1.66,
2016-09-22,0.79,1.63,
2016-09-23,0.77,1.62,
2016-09-26,0.76,1.59,
2016-09-27,0.75,1.56,
2016-09-28,0.75,1.57,
2016-09-29,0.73,1.56,
2016-09-30,0.77,1.6,
2016-10-01,,,2.4
2016-10-03,0.8,1.63,
2016-10-04,0.82,1.69,
2016-10-05,0.85,1.72,
2016-10-06,0.86,1.75,
2016-10-07,0.83,1.73,
2016-10-10,,,
2016-10-11,0.87,1.77,
2016-10-12,0.87,1.79,
2016-10-13,0.85,1.75,
2016-10-14,0.84,1.8,
2016-10-17,0.81,1.77,
2016-10-18,0.82,1.75,
2016-10-19,0.81,1.76,
2016-10-20,0.84,1.76,
2016-10-21,0.84,1.74,
2016-10-24,0.84,1.77,
2016-10-25,0.86,1.77,
2016-10-26,0.86,1.79,
2016-10-27,0.87,1.85,
2016-10-28,0.86,1.86,
2016-10-31,0.86,1.84,
2016-11-01,0.83,1.83,2.4
2016-11-02,0.81,1.81,
2016-11-03,0.81,1.82,
2016-11-04,0.8,1.79,
2016-11-07,0.82,1.83,
2016-11-08,0.87,1.88,
2016-11-09,0.9,2.07,
2016-11-10,0.92,2.15,
2016-11-11,,,
2016-11-14,1,2.23,
2016-11-15,1.02,2.23,
2016-11-16,1,2.22,
2016-11-17,1.04,2.29,
2016-11-18,1.07,2.34,
2016-11-21,1.08,2.33,
2016-11-22,1.07,2.31,
2016-11-23,1.12,2.36,
2016-11-24,,,
2016-11-25,1.12,2.36,
2016-11-28,1.11,2.32,
2016-11-29,1.09,2.3,
2016-11-30,1.11,2.37,
2016-12-01,1.14,2.45,2.2
2016-12-02,1.11,2.4,
2016-12-05,1.13,2.39,
2016-12-06,1.12,2.39,
2016-12-07,1.1,2.34,
2016-12-08,1.12,2.4,
2016-12-09,1.15,2.47,
2016-12-12,1.15,2.49,
2016-12-13,1.17,2.48,
2016-12-14,1.27,2.54,
2016-12-15,1.29,2.6,
2016-12-16,1.28,2.6,
2016-12-19,1.24,2.54,
2016-12-20,1.25,2.57,
2016-12-21,1.21,2.55,
2016-12-22,1.22,2.55,
2016-12-23,1.22,2.55,
2016-12-26,,,
2016-12-27,1.28,2.57,
2016-12-28,1.26,2.51,
2016-12-29,1.22,2.49,
2016-12-30,1.2,2.45,
2017-01-01,,,2.6
2017-01-02,,,
2017-01-03,1.22,2.45,
2017-01-04,1.24,2.46,
2017-01-05,1.17,2.37,
2017-01-06,1.22,2.42,
2017-01-09,1.21,2.38,
2017-01-10,1.19,2.38,
2017-01-11,1.2,2.38,
2017-01-12,1.18,2.36,
2017-01-13,1.21,2.4,
2017-01-16,,,
2017-01-17,1.17,2.33,
2017-01-18,1.23,2.42,
2017-01-19,1.25,2.47,
2017-01-20,1.2,2.48,
2017-01-23,1.16,2.41,
2017-01-24,1.21,2.47,
2017-01-25,1.23,2.53,
2017-01-26,1.21,2.51,
2017-01-27,1.22,2.49,
2017-01-30,1.22,2.49,
2017-01-31,1.19,2.45,
2017-02-01,1.22,2.48,2.7
2017-02-02,1.21,2.48,
2017-02-03,1.21,2.49,
2017-02-06,1.16,2.42,
2017-02-07,1.16,2.4,
2017-02-08,1.15,2.34,
2017-02-09,1.2,2.4,
2017-02-10,1.2,2.41,
2017-02-13,1.2,2.43,
2017-02-14,1.25,2.47,
2017-02-15,1.27,2.51,
2017-02-16,1.22,2.45,
2017-02-17,1.21,2.42,
2017-02-20,,,
2017-02-21,1.22,2.43,
2017-02-22,1.22,2.42,
2017-02-23,1.18,2.38,
2017-02-24,1.12,2.31,
2017-02-27,1.2,2.36,
2017-02-28,1.22,2.36,
2017-03-01,1.29,2.46,
2017-03-02,1.32,2.49,
2017-03-03,1.32,2.49,
2017-03-06,1.31,2.49,
2017-03-07,1.32,2.52,
2017-03-08,1.36,2.57,
2017-03-09,1.37,2.6,
2017-03-10,1.36,2.58,
2017-03-13,1.4,2.62,
2017-03-14,1.4,2.6,
2017-03-15,1.33,2.51,
2017-03-16,1.35,2.53,
